sentence,cluster,orig_idx,title,umap_x,umap_y
an air india plane has crashed shortly after taking off from ahmedabad airport in western india local media has reported.,22,0,air india plane crashes shortly after take off in ahmedabad,-0.731357,7.781893
air india said on thursday that flight ai171 a passenger flight to london gatwick airport was involved in an incident .,-1,0,air india plane crashes shortly after take off in ahmedabad,0.09633028,6.6515512
gatwick airport said that flight ai171 had been due to arrive at 6.25pm local time 17 25gmt .air,4,0,air india plane crashes shortly after take off in ahmedabad,0.81816846,9.152302
india plane crashes shortly after take off in ahmedabad,22,0,air india plane crashes shortly after take off in ahmedabad,-0.63864547,7.6326623
warning video in this report may be disturbing to viewers an air india plane carrying 242 passengers and crew crashed shortly after takeoff in the city of ahmedabad on thursday the airline said.,-1,1,video shows air india plane crashing in ahmedabad,-0.37936208,7.591205
video taken by residents shows the boeing 787 8 dreamliner losing altitude and exploding.video shows air india plane crashing in ahmedabad,25,1,video shows air india plane crashing in ahmedabad,-0.43077543,5.339864
ahmedabad plane crash what air india pilot s final words could mean?,18,2,ahmedabad plane crash what air india pilot s final words could mean what is a black box,1.0327079,6.192331
what is a black box?,15,2,ahmedabad plane crash what air india pilot s final words could mean what is a black box,1.7375743,3.3425472
at least 265 people died in ahmedabad after a london bound air india plane crashed into a government run medical hostel moments after taking off from the city airport on wednesday.,23,2,ahmedabad plane crash what air india pilot s final words could mean what is a black box,0.22962597,7.3744383
the airline confirmed that the flight carried 242 passengers and there was only one survivor who was seated on 11a.,5,2,ahmedabad plane crash what air india pilot s final words could mean what is a black box,1.8255187,8.830031
it also said that a digital video recorder was found but a search was on to find the black box after earlier reports suggested that it had been discovered.ahmedabad plane crash what air india pilot s final words could mean what is a black box,15,2,ahmedabad plane crash what air india pilot s final words could mean what is a black box,1.5860206,3.6066637
doctors in india say 270 bodies have been recovered from the site of thursday s plane crash in ahmedabad.,-1,3,air india plane crash death toll rises to 270,0.6701898,7.3757224
the london bound aircraft crashed into a residential area shortly after take off killing all but one of the 242 passengers and crew members a 40 year old british man.,22,3,air india plane crash death toll rises to 270,-0.9007411,7.6183586
officials have also been trying to establish how many people were killed on the ground and have been continuing the slow process of matching dna samples to confirm the victims identities.,21,3,air india plane crash death toll rises to 270,1.9938836,6.597055
vigils honouring the dead have taken place across india and the uk.,21,3,air india plane crash death toll rises to 270,1.8655083,5.985321
india s aircraft accident investigation bureau aaib is leading the inquiry into the cause of the crash helped by teams from the us and uk.air india plane crash death toll rises to 270,13,3,air india plane crash death toll rises to 270,1.2187449,4.26665
ahmedabad plane crash what air india pilot s final words could mean india today at least 265 people died in ahmedabad after a london bound air india plane crashed into a government run medical hostel moments after taking off from the city airport on wednesday.,-1,4,ahmedabad plane crash what air india pilot s final words could mean,0.28149033,6.6934323
the airline confirmed that the flight carried 242 passengers and there was only one survivor who was seated on 11a.,5,4,ahmedabad plane crash what air india pilot s final words could mean,1.867755,8.83482
it also said that a digital video recorder was found but a search was on to find the black box after earlier reports suggested that it had been discovered.ahmedabad plane crash what air india pilot s final words could mean,15,4,ahmedabad plane crash what air india pilot s final words could mean,1.5050856,3.6397514
ahmedabad plane crash 2nd black box recovered of air india flight ai 171 from crash site in a key development in the investigation of the tragic ahmedabad plane crash authorities have recovered the second black box of air india flight ai171 from the crash site.,15,5,ahmedabad plane crash 2nd black box recovered of air india flight ai 171 from crash site,1.8529491,3.4516444
the black box which contains crucial flight data and cockpit voice recordings will aid forensic experts and aviation authorities in piecing together the final moments before the crash.,15,5,ahmedabad plane crash 2nd black box recovered of air india flight ai 171 from crash site,1.6837515,3.470572
recovery teams along with dgca and air india officials continue to work at the site.,1,5,ahmedabad plane crash 2nd black box recovered of air india flight ai 171 from crash site,-0.38142493,2.7074733
this discovery is expected to shed light on the technical or human factors that may have led to the fatal incident.,14,5,ahmedabad plane crash 2nd black box recovered of air india flight ai 171 from crash site,0.892922,3.3856347
republic tv makes news accessible at all times and across devices.,3,5,ahmedabad plane crash 2nd black box recovered of air india flight ai 171 from crash site,12.394792,0.11496587
at republic we keep you updated with up to the minute news on the world of politics sports entertainment business defense science health lifestyle gadgets and much more.,3,5,ahmedabad plane crash 2nd black box recovered of air india flight ai 171 from crash site,12.367432,0.22445898
we believe in breaking the story and breaking the silence.,2,5,ahmedabad plane crash 2nd black box recovered of air india flight ai 171 from crash site,11.988216,2.026211
but most importantly for us you are republic we are your voice.,2,5,ahmedabad plane crash 2nd black box recovered of air india flight ai 171 from crash site,12.042697,2.1458726
republic does not control and has no liability for third party platforms including content hosted advertisements security functionality operation or availability.ahmedabad plane crash 2nd black box recovered of air india flight ai 171 from crash site,-1,5,ahmedabad plane crash 2nd black box recovered of air india flight ai 171 from crash site,1.0466741,4.7567434
the crash of air india flight 171 in ahmedabad has resulted in the loss of 265 lives including 10 crew members and two pilots.,23,6,air india salutes its fallen comrades,0.54419726,7.506477
the tragedy has affected families across india from manipur to maharashtra. captain summit samarwal with 8200 flying hours and co pilot clive kundar were among those who perished.,17,6,air india salutes its fallen comrades,1.5954951,6.567752
the cabin crew included 27 year old roshni songhare a travel influencer and deepak pathak an 11 year air india veteran.air india salutes its fallen comrades,17,6,air india salutes its fallen comrades,1.4541814,6.685449
air india has confirmed that 241 passengers and crew have died after a london bound plane crashed shortly after take off in ahmedabad western india.,23,7,air india confirms 241 on board plane killed with one survivor in ahmedabad crash,0.56205595,7.51258
in a statement the airline said that the sole survivor a british citizen is being treated in hospital.,16,7,air india confirms 241 on board plane killed with one survivor in ahmedabad crash,2.8053987,6.636815
there were 169 indian nationals 53 britons seven portuguese nationals and one canadian on the flight according to air india.air india confirms 241 on board plane killed with one survivor in ahmedabad crash,-1,7,air india confirms 241 on board plane killed with one survivor in ahmedabad crash,0.9562464,7.398189
the crashed ahmedabad london air india flight s black box has been recovered the ministry of civil aviation informed on friday.,15,8,big breakthrough in ahmedabad plane crash investigation black box of air india 171 plane found,1.8237549,3.402524
the orange coloured device located near the tail of a plane will help investigate the crash that has claimed at least 265 lives so far.,15,8,big breakthrough in ahmedabad plane crash investigation black box of air india 171 plane found,1.5437165,3.6135094
union minister of civil aviation ram mohan naidu said the flight data recorder black box has been recovered within 28 hours from the accident site in ahmedabad by aaib.,15,8,big breakthrough in ahmedabad plane crash investigation black box of air india 171 plane found,1.8533565,3.3774922
this marks an important step forward in the investigation.,15,8,big breakthrough in ahmedabad plane crash investigation black box of air india 171 plane found,1.2423153,3.3627653
this will significantly aid the enquiry into the incident.big breakthrough in ahmedabad plane crash investigation black box of air india 171 plane found,15,8,big breakthrough in ahmedabad plane crash investigation black box of air india 171 plane found,1.47927,3.7275593
the airline confirmed that the flight carried 242 passengers and there was only one survivor who was seated on 11a.,5,9,live black box recovered air india plane crash investigation begins,1.8711957,8.81039
it also said that a digital video recorder was found but a search was on to find the black box after earlier reports suggested that it had been discovered.live black box recovered air india plane crash investigation begins,15,9,live black box recovered air india plane crash investigation begins,1.5865184,3.6151044
new footage reveals the harrowing moments of air india flight 171 s crash in ahmedabad.,25,10,shocking video 2nd video of ahmedabad air india flight crash seconds after takeoff,-0.37968826,5.1600122
the video shows the aircraft losing power within 30 seconds of takeoff failing to gain altitude and ultimately crashing in a ball of fire.,10,10,shocking video 2nd video of ahmedabad air india flight crash seconds after takeoff,-1.1942072,4.3502107
the pilot s attempts to land the aircraft,10,10,shocking video 2nd video of ahmedabad air india flight crash seconds after takeoff,-1.2006644,4.404715
are evident but the rapid engine failure left no time for recovery.,-1,10,shocking video 2nd video of ahmedabad air india flight crash seconds after takeoff,0.012834803,3.6249173
this rare incident has been described as one in a million .shocking video 2nd video of ahmedabad air india flight crash seconds after takeoff,25,10,shocking video 2nd video of ahmedabad air india flight crash seconds after takeoff,-0.121881716,5.4280853
the transcript discusses the air india ai 171 crash focusing on the pilot s final message and the recovery of the black box.,15,11,ahmedabad plane crash experts decode pilot s last words and details of black box,1.6792156,3.790511
experts analyze the aircraft s takeoff the pilot s communication during the emergency and the significance of the black box in investigating the incident.,15,11,ahmedabad plane crash experts decode pilot s last words and details of black box,1.6411719,3.514269
the aircraft was airborne for approximately 25 seconds before crashing.,10,11,ahmedabad plane crash experts decode pilot s last words and details of black box,-1.2226892,4.4812636
the black box is described as a crucial tool that records over 100 parameters providing vital information about the aircraft s condition and performance.ahmedabad plane crash experts decode pilot s last words and details of black box,15,11,ahmedabad plane crash experts decode pilot s last words and details of black box,1.6632909,3.5084987
you can give your valuable feedback in the comments or email us on dna dnaindia.com.,-1,12,air india plane crash ahmedabad civil hospital identified 47 victims after dna testing,1.6899276,4.9312773
we bring out the different angles to major national and international news stories grabbing headlines.,2,12,air india plane crash ahmedabad civil hospital identified 47 victims after dna testing,12.0690155,1.9054899
dna india presents india news international news entertainment news and gossip business and technology news education news utility news and viral news.air india plane crash ahmedabad civil hospital identified 47 victims after dna testing,-1,12,air india plane crash ahmedabad civil hospital identified 47 victims after dna testing,1.6176108,4.9977326
an air india flight crashed shortly after takeoff from ahmedabad resulting in 265 fatalities.,23,13,lone survivor of air india 171 crash recounts miraculous escape ahmedabad plane crash,0.047872387,7.427558
only one passenger vishwash kumar ramesh survived the catastrophe.,16,13,lone survivor of air india 171 crash recounts miraculous escape ahmedabad plane crash,2.9630504,6.5146375
families of victims are grappling with grief as dna tests are underway to identify the deceased.,21,13,lone survivor of air india 171 crash recounts miraculous escape ahmedabad plane crash,2.0188973,6.4243627
the lone survivor recounted how the plane began descending and split into two 30 seconds after takeoff.,10,13,lone survivor of air india 171 crash recounts miraculous escape ahmedabad plane crash,-1.1002975,4.4016814
prime minister narendra modi met with the survivor and wished him a speedy recovery.lone survivor of air india 171 crash recounts miraculous escape ahmedabad plane crash,12,13,lone survivor of air india 171 crash recounts miraculous escape ahmedabad plane crash,2.3805,5.363612
the flight a boeing 787 8 dreamliner carried 242 people including 230 passengers and 12 crew members.,5,14,ahmedabad plane crash live updates rescue operations continue in air india disaster,1.6441022,8.635491
visuals from the meghani area where the plane crashed showed thick black smoke encompassing the air.,11,14,ahmedabad plane crash live updates rescue operations continue in air india disaster,-1.8537009,3.3824832
the flight was identified as air india 171 which online flight trackers showed as a 1 10 pm service from the sardar vallabhbhai patel international airport in ahmedabad to gatwick airport in london.,4,14,ahmedabad plane crash live updates rescue operations continue in air india disaster,0.8171909,9.130178
the plane was being flown by captain sumeet sabharwal and first officer clive kundar.ahmedabad plane crash live updates rescue operations continue in air india disaster,26,14,ahmedabad plane crash live updates rescue operations continue in air india disaster,0.48904613,5.7195644
thick black smoke is visible at the crash site.,11,15,ahmedabad plane crash news live air india airplane crash in ahmedabad ahmedabad airplane crash,-1.8126712,3.3000395
emergency services are en route to the location.,1,15,ahmedabad plane crash news live air india airplane crash in ahmedabad ahmedabad airplane crash,-0.7142346,2.3333116
the exact details of the aircraft type number of passengers and cause of the incident are yet to be confirmed by officials.ahmedabad plane crash news live air india airplane crash in ahmedabad ahmedabad airplane crash,-1,15,ahmedabad plane crash news live air india airplane crash in ahmedabad ahmedabad airplane crash,0.3698311,6.0960484
live ahmedabad plane crash video shows moments of destruction air india plane crash n18l,25,16,live ahmedabad plane crash video shows moments of destruction air india plane crash n18l,-0.097697586,5.1734166
an air india plane has crashed in gujarat s ahmedabad confirms the state police control room.,22,17,ahmedabad plane crash air india flight with 242 crashes into students hostel wion,-0.7473161,7.8230157
a total of 242 passengers were onboard the ahmedabad london gatwick air india flight.,6,17,ahmedabad plane crash air india flight with 242 crashes into students hostel wion,1.4040971,8.247057
we provide much more than the news of the day.,2,17,ahmedabad plane crash air india flight with 242 crashes into students hostel wion,11.961138,2.0438962
our aim is to empower people to explore their world.,2,17,ahmedabad plane crash air india flight with 242 crashes into students hostel wion,11.622431,1.8731823
with our global headquarters in new delhi we bring you news on the hour by the hour.,3,17,ahmedabad plane crash air india flight with 242 crashes into students hostel wion,12.274736,-0.16394721
we deliver information that is not biased.,2,17,ahmedabad plane crash air india flight with 242 crashes into students hostel wion,11.998932,2.1048455
we are journalists who are neutral to the core and non partisan when it comes to world politics.,2,17,ahmedabad plane crash air india flight with 242 crashes into students hostel wion,12.08914,2.0296764
people are tired of biased reportage and we stand for a globalized united world.,2,17,ahmedabad plane crash air india flight with 242 crashes into students hostel wion,12.1778555,1.9540087
so for us the world is truly one.ahmedabad plane crash air india flight with 242 crashes into students hostel wion,-1,17,ahmedabad plane crash air india flight with 242 crashes into students hostel wion,1.029611,5.7026224
a high level government committee will hold its first meeting monday to examine the air india flight 171 crash that has claimed at least 271 lives even as the first funerals of passengers killed aboard the boeing 787 took place on sunday while most grieving families continue an agonising wait for their loved ones remains.air india crash i ba 787 chennai flight turns back saudia airline smoke scare i boeing i barkha,13,18,air india crash i ba 787 chennai flight turns back saudia airline smoke scare i boeing i barkha,1.2670816,4.389708
one was a veteran preparing to hang up his boots the other a young co pilot just charting the early course of his aviation career.,17,19,how were pilot s last moments before air india ai 171 crash ahmedabad,1.3884794,6.605615
both the aviators captain sumeet sabharwal and first officer clive kunder met a cruel end on thursday as the boeing 787 8 dreamliner crashed.,20,19,how were pilot s last moments before air india ai 171 crash ahmedabad,-0.48044866,6.2950745
more.how were pilot s last moments before air india ai 171 crash ahmedabad,18,19,how were pilot s last moments before air india ai 171 crash ahmedabad,0.97995853,6.1813736
more than 200 dead in air india crash near ahmedabad an air india flight en route to london crashed shortly after takeoff from ahmedabad killing more than 200 people officials confirmed.,23,20,more than 200 dead in air india crash near ahmedabad,0.1121197,7.388785
the aircraft was carrying 242 passengers and crew when it went down minutes into the flight.,5,20,more than 200 dead in air india crash near ahmedabad,1.7044139,8.807575
authorities have begun recovery operations and launched an investigation into the cause of the crash.,14,20,more than 200 dead in air india crash near ahmedabad,0.59132636,3.546156
x ?more than 200 dead in air india crash near ahmedabad,23,20,more than 200 dead in air india crash near ahmedabad,0.22344287,7.0695944
boeing officials visited the site of air india plane crash that killed at least 271 people on sunday june 15 .,13,21,us ntsb and boeing officials visit air india ai 171 crash site in ahmedabad,1.4252297,4.510586
earlier officials from the u.s. national transportation safety board ntsb and u.s. federal aviation administration surveyed the crash site.,13,21,us ntsb and boeing officials visit air india ai 171 crash site in ahmedabad,1.3798879,4.4201636
the boeing 787 8 dreamliner with 242 people on board bound for gatwick airport south of london began losing height seconds after take off in ahmedabad on thursday and erupted in a huge fireball as it hit buildings below.,-1,21,us ntsb and boeing officials visit air india ai 171 crash site in ahmedabad,1.0811353,8.53208
all but one on board were declared dead in the world s worst aviation disaster in a decade.,-1,21,us ntsb and boeing officials visit air india ai 171 crash site in ahmedabad,1.3820032,7.298863
around 30 people died on the ground.,21,21,us ntsb and boeing officials visit air india ai 171 crash site in ahmedabad,1.9987813,6.7155423
air india and the indian government were looking at several aspects of the crash including issues linked to its engine thrust flaps and why the landing gear remained open as the plane took off and then came down.,13,21,us ntsb and boeing officials visit air india ai 171 crash site in ahmedabad,0.8259643,3.947244
enjoy and stay connected with us!! ?,0,21,us ntsb and boeing officials visit air india ai 171 crash site in ahmedabad,8.913269,3.0435128
email to anicontent aniin.com internetani aniin.com ?us ntsb and boeing officials visit air india ai 171 crash site in ahmedabad,13,21,us ntsb and boeing officials visit air india ai 171 crash site in ahmedabad,1.2830306,4.4446864
a plane crash has been reported near the ahmedabad airport.,22,22,ahmedabad plane crash air india flight carrying 133 passengers crashes near airport,-0.8640368,7.822302
the fire brigade has been rushed to the spot.,1,22,ahmedabad plane crash air india flight carrying 133 passengers crashes near airport,-0.7605859,2.2912152
according to preliminary information the aircraft crashed shortly after takeoff near meghaninagar.,10,22,ahmedabad plane crash air india flight carrying 133 passengers crashes near airport,-1.2807887,4.7196636
smoke is visible as far as vastrapur.ahmedabad plane crash air india flight carrying 133 passengers crashes near airport,11,22,ahmedabad plane crash air india flight carrying 133 passengers crashes near airport,-2.116599,3.6463168
footage recorded near the site of the air india plane crash showed people helping a man walking toward an ambulance.,25,23,at least one survivor from air india plane crash ahmedabad police say,-0.4221285,5.1551194
when i got up there were bodies all around me.,16,23,at least one survivor from air india plane crash ahmedabad police say,2.8170514,6.022811
i was scared.,16,23,at least one survivor from air india plane crash ahmedabad police say,2.8273592,6.0043836
i stood up and ran ramesh told the hindustan times briton is sole survivor of air india plane crash that killed more than 290 police say ?,24,23,at least one survivor from air india plane crash ahmedabad police say,1.4402778,5.504361
contribute to the guardian today ?at least one survivor from air india plane crash ahmedabad police say,-1,23,at least one survivor from air india plane crash ahmedabad police say,1.4911877,5.432322
241 people lost their lives when air india flight ai 171 crashed shortly after takeoff from ahmedabad to london.,23,24,live ahmedabad plane crash air india ordered safety checks after ai 171 disaster,0.56993926,7.512938
now the dgca has ordered urgent safety inspections of air india s boeing 787 8 and 787 9 aircraft.,-1,24,live ahmedabad plane crash air india ordered safety checks after ai 171 disaster,0.46842343,4.8528113
pm modi visited the crash site grieving families gave dna samples and investigators recovered the black box.,15,24,live ahmedabad plane crash air india ordered safety checks after ai 171 disaster,1.8886304,3.958792
a global probe has begun with u.s. and u.k. aviation teams joining the investigation.,13,24,live ahmedabad plane crash air india ordered safety checks after ai 171 disaster,1.1752586,4.0739117
.............................................................................................. news9 is india s first fully integrated english news brand across all digital platforms.,7,24,live ahmedabad plane crash air india ordered safety checks after ai 171 disaster,12.628095,-0.5249946
it includes a publishing platform viz.,7,24,live ahmedabad plane crash air india ordered safety checks after ai 171 disaster,12.650023,-0.55344796
live ahmedabad plane crash air india ordered safety checks after ai 171 disaster,26,24,live ahmedabad plane crash air india ordered safety checks after ai 171 disaster,0.32293612,5.211941
pilots last words were govt on air india flight crash in ahmedabad,18,25,pilots last words were govt on air india flight crash in ahmedabad,1.0230844,6.137276
an air india flight from ahmedabad to london gatwick operating as flight ai171 crashed shortly after takeoff on june 12 2025.,-1,26,ahmedabad plane crash air india flight ai171 crashes 242 on board,-0.2692585,6.9291906
the aircraft involved was a boeing 787 8 dreamliner with 230 passengers and 12 crew members on board.,5,26,ahmedabad plane crash air india flight ai171 crashes 242 on board,1.5843468,8.641907
according to authorities the flight included 169 indian nationals 53 british nationals one canadian and seven portuguese nationals.,6,26,ahmedabad plane crash air india flight ai171 crashes 242 on board,1.4384388,8.057377
the aircraft departed from runway 23 of sardar vallabhbhai patel international airport ahmedabad at 1 39 pm ist and issued a mayday distress call soon after.,-1,26,ahmedabad plane crash air india flight ai171 crashes 242 on board,0.6294665,6.094174
as per the directorate general of civil aviation dgca the plane crashed just outside the ahmedabad airport perimeter with thick black smoke reported at the crash site.,-1,26,ahmedabad plane crash air india flight ai171 crashes 242 on board,-0.8295609,7.163239
the pilot in command captain sumit sabharwal had over 8 200 hours of flying experience.,17,26,ahmedabad plane crash air india flight ai171 crashes 242 on board,1.3350098,6.858589
the co pilot had clocked in around 1 100 hours.,17,26,ahmedabad plane crash air india flight ai171 crashes 242 on board,1.4165497,6.7273197
thank you for watching our video!,0,26,ahmedabad plane crash air india flight ai171 crashes 242 on board,8.920916,3.0737796
we promise to deliver quality journalism that stays away from vested interest and political propaganda.ahmedabad plane crash air india flight ai171 crashes 242 on board,-1,26,ahmedabad plane crash air india flight ai171 crashes 242 on board,1.1863228,5.192038
in a miraculous turn amid tragedy one passenger vishwash kumar seated on 11a survived the devastating air india boeing 787 crash in ahmedabad on june 12 2025.,16,27,miracle air india passenger emerges after ahmedabad plane crash reveals survival story watch,2.940635,6.5333805
vishwash recounted the horror of waking up surrounded by bodies and debris managing to escape the wreckage and reach safety.,16,27,miracle air india passenger emerges after ahmedabad plane crash reveals survival story watch,2.957119,6.1380715
his survival story has brought a glimmer of hope as rescue teams continue their search for more survivors.,16,27,miracle air india passenger emerges after ahmedabad plane crash reveals survival story watch,3.075839,6.3027606
india newsmiracle air india passenger emerges after ahmedabad plane crash reveals survival story watch,-1,27,miracle air india passenger emerges after ahmedabad plane crash reveals survival story watch,1.3075386,5.4714737
the indian civil aviation minister has confirmed that a formal investigation has been launched by the aircraft accident investigation bureau following the fatal plane crash in ahmedabad.,13,28,air india crash what could have gone wrong,1.2067564,4.1945653
our science correspondent thomas moore has been looking at what could have gone wrong.air india crash what could have gone wrong,13,28,air india crash what could have gone wrong,0.813654,4.164038
air india plane crash teen who recorded viral air india crash video very scared ahmedabad plane a 17 year old boy in ahmedabad who unwittingly captured a viral video of thursday s devastating air india ai 171 plane crash has given his statement to the police officials said on saturday.,-1,29,air india plane crash teen who recorded viral air india crash video very scared ahmedabad plane,-0.13496651,5.0224557
the teenager identified as aryan shared his experience that left him visibly distressed and struggling to cope with it.,21,29,air india plane crash teen who recorded viral air india crash video very scared ahmedabad plane,1.5567416,5.9765167
he told reporters he was simply filming the plane on his mobile phone near his rented home completely unaware that the aircraft would soon transform into a ball of fire.,10,29,air india plane crash teen who recorded viral air india crash video very scared ahmedabad plane,-1.2366048,4.1813974
his video which instantly went viral gave one of the immediate perspectives of the tragedy.,9,29,air india plane crash teen who recorded viral air india crash video very scared ahmedabad plane,-0.9165577,3.7914352
you can give your valuable feedback in the comments or email us on dna dnaindia.com.,-1,29,air india plane crash teen who recorded viral air india crash video very scared ahmedabad plane,1.6847243,4.9252334
we bring out the different angles to major national and international news stories grabbing headlines.,2,29,air india plane crash teen who recorded viral air india crash video very scared ahmedabad plane,12.117275,1.9377646
dna india presents india news international news entertainment news and gossip business and technology news education news utility news and viral news.air india plane crash teen who recorded viral air india crash video very scared ahmedabad plane,-1,29,air india plane crash teen who recorded viral air india crash video very scared ahmedabad plane,1.6745232,4.9630775
an air india flight bound for london crashed near ahmedabad s meghani area shortly after takeoff carrying over 195 passengers and crew.,22,30,the moment an air india flight crashed near ahmedabad airport,-0.5557896,7.575989
emergency teams rushed to the scene as details unfold.,1,30,the moment an air india flight crashed near ahmedabad airport,-0.66132295,2.4090183
the indian express covers a wide spectrum of national and international news including daily updates political developments election coverage gadget and mobile reviews technology updates entertainment news bollywood trends sports news and public opinions on daily topics.,8,30,the moment an air india flight crashed near ahmedabad airport,12.304447,-1.4137902
the indian express s comprehensive coverage extends to global events providing insightful analysis on international affairs.,8,30,the moment an air india flight crashed near ahmedabad airport,12.454612,-1.5569066
with a focus on both indian and global perspectives the indian express delivers top notch editorial analysis and in depth reporting.,8,30,the moment an air india flight crashed near ahmedabad airport,12.354675,-1.4522281
stay informed with the latest news trends explained and expert views from india and around the world.the moment an air india flight crashed near ahmedabad airport,26,30,the moment an air india flight crashed near ahmedabad airport,0.7525407,5.261867
the aircraft took off from ahmedabad airport and was en route to london s gatwick.,4,31,ahmedabad plane crash news live updates air india ceo campbell wilson briefing air india crash,0.8180241,9.140945
shortly after takeoff the pilot issued a mayday signal before the plane lost altitude and crashed into a hostel resulting in a massive fireball.ahmedabad plane crash news live updates air india ceo campbell wilson briefing air india crash,-1,31,ahmedabad plane crash news live updates air india ceo campbell wilson briefing air india crash,0.43574935,5.8110247
air india dreamliner crash the ahmedabad airport cctv footage showed a very short flight of 32 seconds from the time the landing gears left the runway to the time of impact.ahmedabad plane crash cctv video shows air india flight trying to take off crashing into building,25,32,ahmedabad plane crash cctv video shows air india flight trying to take off crashing into building,-0.3969679,5.376352
an air india plane has crashed in a residential area near ahmedabad.,22,33,miracle survivor ramesh found in air india plane crash jumped from seat 11a ahmedabad crash,-0.8504778,7.8110094
the ahmedabad police commissioner reports one survivor from seat 11a who jumped from the flight and is under treatment.,16,33,miracle survivor ramesh found in air india plane crash jumped from seat 11a ahmedabad crash,2.9148762,6.5597477
the plane crashed into a medical hostel mess where approximately 30 doctors were present.,19,33,miracle survivor ramesh found in air india plane crash jumped from seat 11a ahmedabad crash,-1.0378677,6.284365
gujarat chief minister bhupendra patel has reached the crash site to assess the situation.miracle survivor ramesh found in air india plane crash jumped from seat 11a ahmedabad crash,12,33,miracle survivor ramesh found in air india plane crash jumped from seat 11a ahmedabad crash,2.2446244,5.0659165
indian authorities have recovered the crucial flight recorder from air india flight 171 which crashed on thursday in ahmedabad.,15,34,air india crash investigators recover black box as families wait for answers,1.887559,3.390165
india s civil aviation minister said friday the black box recovery marks a crucial step forward in the investigation.,15,34,air india crash investigators recover black box as families wait for answers,1.7494256,3.3808994
the crash killed 241 people on board the boeing 787 dreamliner and another 78 people were killed when the plane hit a medical school dorm.,5,34,air india crash investigators recover black box as families wait for answers,1.5142032,8.45221
nathaniel dove has more on what the black box could tell us about the crash.air india crash investigators recover black box as families wait for answers,15,34,air india crash investigators recover black box as families wait for answers,1.5484406,3.6266694
seconds before one of india s deadliest aviation disasters a voice crackled over the airwaves a desperate call for help from the cockpit of air india flight ai 171.,18,35,pilot sumit sabharwal issued a mayday minutes after takeoff from ahmedabad airport n18v,0.84905976,6.064543
the pilot s haunting last message to ahmedabad air traffic control atc now paints a chilling picture of the final moments before the aircraft crashed killing at least 274 people.pilot sumit sabharwal issued a mayday minutes after takeoff from ahmedabad airport n18v,18,35,pilot sumit sabharwal issued a mayday minutes after takeoff from ahmedabad airport n18v,0.83235574,6.019394
the civil hospital in ahmedabad confirmed to abc news that ramesh vishwaskumar one passenger on the downed air india flight is alive and hospitalized there.british national survives air india plane crash condition unknown,16,36,british national survives air india plane crash condition unknown,2.8726335,6.6119957
ahmedabad plane crash greg feith a former senior air safety investigator with the us national transportation safety board ntsb draws on early video footage of the thursday crash and his decades of experience to explain what may have gone wrong with ai 717 what questions investigators will now be asking and why patience not speculation is essential in the hours and days after a crash.,13,37,air india ahmedabad crash veteran ntsb investigator greg feith on what videos reveal,0.93505305,4.4132195
the indian express covers a wide spectrum of national and international news including daily updates political developments election coverage gadget and mobile reviews technology updates entertainment news bollywood trends sports news and public opinions on daily topics.,8,37,air india ahmedabad crash veteran ntsb investigator greg feith on what videos reveal,12.342057,-1.4515058
the indian express s comprehensive coverage extends to global events providing insightful analysis on international affairs.,8,37,air india ahmedabad crash veteran ntsb investigator greg feith on what videos reveal,12.38037,-1.5051231
with a focus on both indian and global perspectives the indian express delivers top notch editorial analysis and in depth reporting.,8,37,air india ahmedabad crash veteran ntsb investigator greg feith on what videos reveal,12.349915,-1.4527332
stay informed with the latest news trends explained and expert views from india and around the world.air india ahmedabad crash veteran ntsb investigator greg feith on what videos reveal,-1,37,air india ahmedabad crash veteran ntsb investigator greg feith on what videos reveal,0.94749373,4.9819965
a doctor and his family have been named among the victims of the air india plane crash.,-1,38,doctor and family among air india crash victims,0.85813975,7.3266044
more than 240 people were killed on thursday when a boeing 787 bound for gatwick crashed shortly after take off in ahmedabad.,23,38,doctor and family among air india crash victims,0.17861602,7.5120516
dr prateek joshi a radiologist at royal derby hospital his wife and three children were on board the flight the derby hindu temple in pear tree said.,17,38,doctor and family among air india crash victims,1.5056638,6.948914
in a post on social media a spokesperson for the temple said they were praying to give strength to the bereaved family to bear this immense loss .,21,38,doctor and family among air india crash victims,1.9851048,5.9862247
here you ll find stories that move your heart and explainers interviews and documentaries on issues that you care about.doctor and family among air india crash victims,-1,38,doctor and family among air india crash victims,1.3866163,5.3560414
an air india plane bound for london crashed in a locality near ahmedabad airport on june 12 soon after taking off police said.,22,39,ahmedabad plane crash first visuals from air india flight crash site rescue ops underway n18v,-0.7569761,7.7334394
flight ai171 operating ahmedabad london gatwick was involved in an incident today 12 june 2025.ahmedabad plane crash first visuals from air india flight crash site rescue ops underway n18v,-1,39,ahmedabad plane crash first visuals from air india flight crash site rescue ops underway n18v,0.14720185,6.491886
the aircraft took off from ahmedabad airport and was en route to london s gatwick.,4,40,ahmedabad plane crash live aviation expert captain steve discusses theories behind air india crash,0.8101779,9.148299
shortly after takeoff the pilot issued a mayday signal before the plane lost altitude and crashed into a hostel resulting in a massive fireball.ahmedabad plane crash live aviation expert captain steve discusses theories behind air india crash,18,40,ahmedabad plane crash live aviation expert captain steve discusses theories behind air india crash,0.55298835,5.788574
footage shown on local television channels showed smoke billowing from the crash site near the airport in ahmedabad air india flight to london gatwick crashes in ahmedabad with 244 people onboard latest updates ?,11,41,smoke rises above ahmedabad in first images from air india plane crash,-1.8069655,3.620419
contribute to the guardian today ?,-1,41,smoke rises above ahmedabad in first images from air india plane crash,11.671529,2.4053607
smoke rises above ahmedabad in first images from air india plane crash,11,41,smoke rises above ahmedabad in first images from air india plane crash,-2.0140939,3.6013625
an air india boeing 787 dreamliner flight ai 171 crashed near ahmedabad minutes after takeoff from sardar vallabhbhai patel international airport marking the first catastrophic loss of this aircraft model since its 2011 debut.,20,42,air india boeing 787 8 dreamliner crashes in ahmedabad over 200 dead one miracle survivor emerges,-0.36506045,6.301457
the flight was en route to london and was carrying 230 passengers and 12 crew members.,5,42,air india boeing 787 8 dreamliner crashes in ahmedabad over 200 dead one miracle survivor emerges,1.7731552,8.833299
the plane exploded into a fireball upon impact resulting in over 200 feared casualties.,10,42,air india boeing 787 8 dreamliner crashes in ahmedabad over 200 dead one miracle survivor emerges,-1.385331,4.0899825
one survivor vishwas kumar ramesh miraculously escaped and recounted the terrifying experience.,16,42,air india boeing 787 8 dreamliner crashes in ahmedabad over 200 dead one miracle survivor emerges,3.046444,6.271311
former gujarat chief minister vijay rupani was confirmed among the deceased.,-1,42,air india boeing 787 8 dreamliner crashes in ahmedabad over 200 dead one miracle survivor emerges,1.8193218,6.1376724
home minister amit shah visited the crash site.,12,42,air india boeing 787 8 dreamliner crashes in ahmedabad over 200 dead one miracle survivor emerges,2.2172885,4.994056
investigators are relying on the black box to uncover the cause.,15,42,air india boeing 787 8 dreamliner crashes in ahmedabad over 200 dead one miracle survivor emerges,1.5640533,3.347294
the crash has had immediate financial repercussions with boeing shares dropping 8 in us pre market trading.,20,42,air india boeing 787 8 dreamliner crashes in ahmedabad over 200 dead one miracle survivor emerges,-0.32592317,6.0820365
the tata group announced compensation of one crore rupees for each victim s family.air india boeing 787 8 dreamliner crashes in ahmedabad over 200 dead one miracle survivor emerges,19,42,air india boeing 787 8 dreamliner crashes in ahmedabad over 200 dead one miracle survivor emerges,-0.019353332,6.264557
video shows moment air india ahmedabad london plane crashed after takeoff.ahmedabad plane crash video shows moment air india ahmedabad london plane crashed after take off,25,43,ahmedabad plane crash video shows moment air india ahmedabad london plane crashed after take off,-0.10092157,5.4755545
aviation ministry press briefing on ahmedabad plane crash live air india plane crash updates,26,44,aviation ministry press briefing on ahmedabad plane crash live air india plane crash updates,0.59921,5.193222
an air india passenger aircraft carrying 242 passengers crashed near ahmedabad airport shortly after takeoff.,22,45,ahmedabad plane crash air india flight crashes near ahmedabad airport 242 passengers on board,-0.5047251,7.6771793
the boeing 787 was en route to london when the incident occurred.,4,45,ahmedabad plane crash air india flight crashes near ahmedabad airport 242 passengers on board,1.0273831,8.967477
emergency services including seven fire engines have been rushed to the spot.,1,45,ahmedabad plane crash air india flight crashes near ahmedabad airport 242 passengers on board,-0.75781894,2.2877028
thick black smoke is visible from the crash site which is in the immediate vicinity of the airport premises.,11,45,ahmedabad plane crash air india flight crashes near ahmedabad airport 242 passengers on board,-1.8158219,3.2874382
the cause of the crash is yet to be determined.ahmedabad plane crash air india flight crashes near ahmedabad airport 242 passengers on board,-1,45,ahmedabad plane crash air india flight crashes near ahmedabad airport 242 passengers on board,0.07692498,6.934415
thick smoke spotted at the scene no casualties confirmed so far.,11,46,ahmedabad plane crash live reason behind air india plane crash revealed gujarat plane crash live,-1.8172488,3.2498126
we provide much more than the news of the day.,2,46,ahmedabad plane crash live reason behind air india plane crash revealed gujarat plane crash live,11.987678,2.095669
our aim is to empower people to explore their world.,2,46,ahmedabad plane crash live reason behind air india plane crash revealed gujarat plane crash live,11.604567,1.8729004
with our global headquarters in new delhi we bring you news on the hour by the hour.,3,46,ahmedabad plane crash live reason behind air india plane crash revealed gujarat plane crash live,12.228249,-0.15541084
we deliver information that is not biased.,2,46,ahmedabad plane crash live reason behind air india plane crash revealed gujarat plane crash live,11.985676,2.1701653
we are journalists who are neutral to the core and non partisan when it comes to world politics.,2,46,ahmedabad plane crash live reason behind air india plane crash revealed gujarat plane crash live,12.124351,1.9789022
people are tired of biased reportage and we stand for a globalized united world.,2,46,ahmedabad plane crash live reason behind air india plane crash revealed gujarat plane crash live,12.167393,1.9988471
so for us the world is truly one.ahmedabad plane crash live reason behind air india plane crash revealed gujarat plane crash live,26,46,ahmedabad plane crash live reason behind air india plane crash revealed gujarat plane crash live,0.67888623,5.4406195
ahmedabad plane crash shocking video shocking video footage captures the terrifying moment an air india boeing 787 dreamliner operating as flight ai171 from ahmedabad to london crashed just minutes after takeoff on thursday afternoon.,20,47,ahmedabad plane crash shocking video moment air india flight with 242 people crashes near ahmedabad,-0.22328246,5.921593
the aircraft carrying 242 people including 230 passengers and 12 crew members plunged near the sardar vallabhbhai patel international airport shortly after its 1 10 pm ist departure.,22,47,ahmedabad plane crash shocking video moment air india flight with 242 people crashes near ahmedabad,-0.41943464,7.629336
thick black smoke billowed from the crash site as emergency services rushed to respond.,11,47,ahmedabad plane crash shocking video moment air india flight with 242 people crashes near ahmedabad,-1.8795019,3.3256502
flight tracking data showed the last signal from the plane vt anb was received at 1 38 pm ist suggesting the crash occurred almost immediately after liftoff.,10,47,ahmedabad plane crash shocking video moment air india flight with 242 people crashes near ahmedabad,-1.2752954,4.7021413
authorities are investigating the cause of the tragic accident.,14,47,ahmedabad plane crash shocking video moment air india flight with 242 people crashes near ahmedabad,0.51748705,3.462927
catch the latest news and updates here from india and the world.,3,47,ahmedabad plane crash shocking video moment air india flight with 242 people crashes near ahmedabad,12.290701,-0.3344027
our team ensures a wide spectrum coverage.,2,47,ahmedabad plane crash shocking video moment air india flight with 242 people crashes near ahmedabad,11.9360485,2.2659237
from the corridors of power to the thrill of sports.,2,47,ahmedabad plane crash shocking video moment air india flight with 242 people crashes near ahmedabad,12.128373,1.863868
a dash of entertainment and a dollop of trendy tales.,2,47,ahmedabad plane crash shocking video moment air india flight with 242 people crashes near ahmedabad,12.064974,1.6902722
stay connected stay informed with oneindia.ahmedabad plane crash shocking video moment air india flight with 242 people crashes near ahmedabad,26,47,ahmedabad plane crash shocking video moment air india flight with 242 people crashes near ahmedabad,0.6467174,5.390105
what does a black box do an air india ahmedabad london flight took off at 1.39 pm.,15,48,air india plane crash what is a black box in an aircraft,1.7289779,3.4046326
under a minute later it plummeted from an altitude of 625 feet and crashed into a doctors hostel with several casualties feared both inside the aircraft and in the building it damaged.,19,48,air india plane crash what is a black box in an aircraft,-1.0371854,6.29576
the plane erupted into flames sending thick smoke into the sky.,10,48,air india plane crash what is a black box in an aircraft,-1.4223609,4.038307
as firefighting and rescue teams work on the spot of the crash a deeper look into the reason behind it will likely be clear from a small box sitting in a corner of the aircraft the black box.air india plane crash what is a black box in an aircraft,13,48,air india plane crash what is a black box in an aircraft,1.0327015,3.9474175
tragedy struck on thursday afternoon as an air india flight headed to london crashed near ahmedabad airport shortly after take off.,22,49,live air india ahmedabad london flight crashes minutes after takeoff,-0.767284,7.4537187
flight ai171 a boeing 787 8 dreamliner was carrying 230 passengers and 12 crew members when the incident occurred.,5,49,live air india ahmedabad london flight crashes minutes after takeoff,1.4875404,8.615559
civil aviation minister kinjarapu ram mohan naidu is en route to the crash site of the air india boeing 787 that went down soon after departing from ahmedabad s sardar vallabhbhai patel international airport.,13,49,live air india ahmedabad london flight crashes minutes after takeoff,2.0812302,4.8471093
air india confirmed the incident involving flight ai171 which was scheduled to operate from ahmedabad to london gatwick.,-1,49,live air india ahmedabad london flight crashes minutes after takeoff,0.12646022,6.5714335
according to flight tracking service flightradar24 the aircraft lost signal at 08 08 51 utc just moments after takeoff.,10,49,live air india ahmedabad london flight crashes minutes after takeoff,-1.2935513,4.6994696
the flight had a total of 242 individuals onboard including both passengers and crew.,5,49,live air india ahmedabad london flight crashes minutes after takeoff,1.8108686,8.777738
a disturbing video has also surfaced capturing the horrifying moment the aircraft went down followed by thick black smoke rising into the sky from the crash site.,11,49,live air india ahmedabad london flight crashes minutes after takeoff,-1.6114609,3.5948603
thank you for watching!,0,49,live air india ahmedabad london flight crashes minutes after takeoff,8.919241,3.078972
business today tv will also bring you all you need to know about mutual funds insurance loans and pension plans among others.live air india ahmedabad london flight crashes minutes after takeoff,-1,49,live air india ahmedabad london flight crashes minutes after takeoff,0.7673655,5.221269
in a tragic incident an air india flight to london crashed shortly after take off near the ahmedabad airport on thursday afternoon.,22,50,how air india flight crashed just after take off plane crash ahmedabad,-0.7358577,7.5119767
the flight a boeing 787 8 dreamliner carried 242 people including 230 passengers and 12 crew members.,5,50,how air india flight crashed just after take off plane crash ahmedabad,1.614441,8.633338
know more.how air india flight crashed just after take off plane crash ahmedabad,26,50,how air india flight crashed just after take off plane crash ahmedabad,0.37423068,5.620112
boeing in hot water after air india plane crash black box recovered vantage with palki sharma a devastating tragedy unfolded in ahmedabad as an air india boeing 787 dreamliner crashed shortly after takeoff killing 265 people including students on the ground.,13,51,boeing in hot water after air india plane crash black box recovered vantage with palki sharma,0.90166324,4.5378337
with only one miraculous survivor and a nation in mourning palki sharma looks at the human cost the ongoing investigation and the urgent questions surrounding aircraft safety.,13,51,boeing in hot water after air india plane crash black box recovered vantage with palki sharma,0.95427465,4.4556565
catering to a global audience vantage covers the biggest news stories from a 360 degree perspective giving viewers a chance to assess the impact of world events through a uniquely indian lens.,3,51,boeing in hot water after air india plane crash black box recovered vantage with palki sharma,12.137512,0.43984288
the show is anchored by palki sharma managing editor firstpost.,3,51,boeing in hot water after air india plane crash black box recovered vantage with palki sharma,11.944947,0.7737928
by breaking stereotypes vantage aims to challenge conventional wisdom and present an alternative view on global affairs defying the norm and opening the door to new perspectives.,3,51,boeing in hot water after air india plane crash black box recovered vantage with palki sharma,12.136159,0.49343044
the show goes beyond the headlines to uncover the hidden stories making vantage a destination for thought provoking ideas.,2,51,boeing in hot water after air india plane crash black box recovered vantage with palki sharma,12.069472,1.666174
vantage airs monday to friday at 9 pm ist on firstpost across all leading platforms. ?,3,51,boeing in hot water after air india plane crash black box recovered vantage with palki sharma,11.951085,0.757549
boeing in hot water after air india plane crash black box recovered vantage with palki sharma,-1,51,boeing in hot water after air india plane crash black box recovered vantage with palki sharma,1.3948622,4.002031
at least one passenger on board air india flight 171 to london gatwick survived local police said.,16,52,at least one passenger survived the air india crash police say,2.9385412,6.6624503
the hindustan times named the survivor as a british national vishwash kumar ramesh and said he was receiving treatment.at least one passenger survived the air india crash police say,16,52,at least one passenger survived the air india crash police say,2.8988304,6.581892
from a senior pilot just months away from retirement to a young woman who inspired her entire village the six crew members aboard the ill fated air india flight had stories that touched hearts.,17,53,air india crash the 6 crew members india lost stories of service dreams sacrifice,1.451505,6.5572534
here is the story of captain sumeet sabharwal clive kundar deepak pathak nganthoi sharma saineeta chakravarty maithili patil and roshni songhare their dedication dreams and the legacy they leave behind.,17,53,air india crash the 6 crew members india lost stories of service dreams sacrifice,1.4289416,6.644333
the indian express covers a wide spectrum of national and international news including daily updates political developments election coverage gadget and mobile reviews technology updates entertainment news bollywood trends sports news and public opinions on daily topics.,8,53,air india crash the 6 crew members india lost stories of service dreams sacrifice,12.251417,-1.3581318
the indian express s comprehensive coverage extends to global events providing insightful analysis on international affairs.,8,53,air india crash the 6 crew members india lost stories of service dreams sacrifice,12.403797,-1.5421073
with a focus on both indian and global perspectives the indian express delivers top notch editorial analysis and in depth reporting.,8,53,air india crash the 6 crew members india lost stories of service dreams sacrifice,12.37543,-1.4793574
stay informed with the latest news trends explained and expert views from india and around the world.air india crash the 6 crew members india lost stories of service dreams sacrifice,-1,53,air india crash the 6 crew members india lost stories of service dreams sacrifice,1.0093911,5.2258058
ramesh 38 was seated in seat 11a located right behind an emergency exit on the flight that crashed near the ahmedabad airport on thursday afternoon killing more than 200 people.,-1,54,ahmedabad plane crash survivor news live air india confirms 241 passengers killed only 1 survivor,0.4513003,6.9058075
a video taken moments after the crash shows an injured ramesh walking towards an ambulance as bystanders surround him asking questions about the fate of the others on the plane.ahmedabad plane crash survivor news live air india confirms 241 passengers killed only 1 survivor,-1,54,ahmedabad plane crash survivor news live air india confirms 241 passengers killed only 1 survivor,0.66305274,6.8040853
first a mayday call from the cockpit of air india flight 171 just moments after take off.,18,55,british man survives air india plane crash that kills 290,0.7020562,6.067525
seconds later the plane had plunged down onto a built up area just outside the ahmedabad airport perimeter.,-1,55,british man survives air india plane crash that kills 290,-0.88466173,7.047831
169 indian nationals and 53 britons were on board making this one of the worst air disasters involving uk nationals since 9 11.,6,55,british man survives air india plane crash that kills 290,1.3319888,7.86504
a warning this report contains distressing scenes from the start.british man survives air india plane crash that kills 290,-1,55,british man survives air india plane crash that kills 290,1.4813817,5.6674104
the tragic air india plane crash has claimed 241 lives with only one survivor a british national of indian origin currently receiving treatment in ahmedabad s civil hospital.,23,56,air india plane crash 241 killed sole survivor breaks silence on dd india,0.781119,7.391914
the survivor s remarkable escape offers a rare glimpse into the disaster.,16,56,air india plane crash 241 killed sole survivor breaks silence on dd india,3.0759847,6.2062125
authorities continue investigations as families mourn the devastating loss.air india plane crash 241 killed sole survivor breaks silence on dd india,13,56,air india plane crash 241 killed sole survivor breaks silence on dd india,1.2414529,4.2852716
vishwash kumar ramesh the lone survivor of air india flight that crashed in the city of ahmedabad describes the moment he opened his eyes after the plane s impact.sole survivor of air india crash describes the moments after impact,16,57,sole survivor of air india crash describes the moments after impact,2.65577,6.266783
a day after air india flight ai 171 crashed near ahmedabad killing at least 265 people investigators recovered the aircraft s black box from the wreckage.,15,58,air india crash black box recovered pm visits site as death toll reaches 265,1.8605506,3.431173
initial findings suggest no sabotage but both engines of the boeing 787 reportedly failed to generate thrust after takeoff.,-1,58,air india crash black box recovered pm visits site as death toll reaches 265,0.9503201,8.514241
the aircraft burst into flames after hitting a medical college mess.,10,58,air india crash black box recovered pm visits site as death toll reaches 265,-1.4132679,4.0889316
among the dead are five mbbs students.,21,58,air india crash black box recovered pm visits site as death toll reaches 265,1.9220264,6.694623
one man ramesh vishwaskumar survived.,16,58,air india crash black box recovered pm visits site as death toll reaches 265,3.049863,6.411367
prime minister narendra modi visited the crash site and met the injured calling the tragedy devastating and expressing condolences to the families.,12,58,air india crash black box recovered pm visits site as death toll reaches 265,2.2730873,5.1384106
the indian express covers a wide spectrum of national and international news including daily updates political developments election coverage gadget and mobile reviews technology updates entertainment news bollywood trends sports news and public opinions on daily topics.,8,58,air india crash black box recovered pm visits site as death toll reaches 265,12.294529,-1.4002889
the indian express s comprehensive coverage extends to global events providing insightful analysis on international affairs.,8,58,air india crash black box recovered pm visits site as death toll reaches 265,12.39062,-1.5186547
with a focus on both indian and global perspectives the indian express delivers top notch editorial analysis and in depth reporting.,8,58,air india crash black box recovered pm visits site as death toll reaches 265,12.331411,-1.4198571
stay informed with the latest news trends explained and expert views from india and around the world.air india crash black box recovered pm visits site as death toll reaches 265,26,58,air india crash black box recovered pm visits site as death toll reaches 265,0.9920208,5.1192923
an air india flight en route to london from ahmedabad crashed in a residential area during takeoff.,22,59,breaking air india flight with 242 passengers crashes minutes after takeoff at ahmedabad airport,-0.8758403,7.6123548
there were reportedly over 200 passengers onboard.,5,59,breaking air india flight with 242 passengers crashes minutes after takeoff at ahmedabad airport,1.8673983,8.751247
visuals showed a thick plume of smoke emanating from the crash site.,11,59,breaking air india flight with 242 passengers crashes minutes after takeoff at ahmedabad airport,-1.8215085,3.2860458
india news hindustan times videos brings all the news for the global indian under one umbrella.,3,59,breaking air india flight with 242 passengers crashes minutes after takeoff at ahmedabad airport,12.29298,-0.2198315
we break down news from across the globe from the unique lens of a rising india.breaking air india flight with 242 passengers crashes minutes after takeoff at ahmedabad airport,24,59,breaking air india flight with 242 passengers crashes minutes after takeoff at ahmedabad airport,1.3221864,5.2513475
an air india plane carrying 217 adults and 11 children crashed minutes after taking off from india s ahmedabad on thursday.,22,60,air india plane crashes after takeoff in ahmedabad many killed,-0.5631917,7.823657
the boeing 787 8 dreamliner was bound for london s gatwick airport.,4,60,air india plane crashes after takeoff in ahmedabad many killed,0.84434825,9.131334
authorities said that many people were killed and that the plane struck a hostel building for doctors.air india plane crashes after takeoff in ahmedabad many killed,19,60,air india plane crashes after takeoff in ahmedabad many killed,-0.21950504,6.6162195
multiple pictures have surfaced showing the crashed air india plane at a medical college in gujarat s ahmedabad.,-1,61,bj medical college ahmedabad pics show air india plane crashed on medical students hostel,-0.8546739,6.2854085
the flight ai171 which was flying from ahmedabad to london was carrying 242 passengers and crew members.,6,61,bj medical college ahmedabad pics show air india plane crashed on medical students hostel,1.434613,8.196487
it crashed shortly after take off at 1 38 pm on thursday.,10,61,bj medical college ahmedabad pics show air india plane crashed on medical students hostel,-1.3215286,4.639213
tata owned air india said that 169 indians 53 british 1 canadian and 7 portuguese were on board the boeing 787 8 aircraft.,6,61,bj medical college ahmedabad pics show air india plane crashed on medical students hostel,1.4536507,8.073276
the visuals showed a part of the aircraft stuck inside the students hostel of the bj medical college.bj medical college ahmedabad pics show air india plane crashed on medical students hostel,19,61,bj medical college ahmedabad pics show air india plane crashed on medical students hostel,-0.8712438,6.1201754
with only one miraculous survivor and a nation in mourning palki sharma looks at the human cost the ongoing investigation and the urgent questions surrounding aircraft safety.,13,62,air india plane crash live 265 dead boeing dreamliner s black box recovered palki sharma n18g,0.9539015,4.440002
catering to a global audience vantage covers the biggest news stories from a 360 degree perspective giving viewers a chance to assess the impact of world events through a uniquely indian lens.,3,62,air india plane crash live 265 dead boeing dreamliner s black box recovered palki sharma n18g,12.124248,0.46304065
the show is anchored by palki sharma managing editor firstpost.,3,62,air india plane crash live 265 dead boeing dreamliner s black box recovered palki sharma n18g,11.945563,0.7715943
by breaking stereotypes vantage aims to challenge conventional wisdom and present an alternative view on global affairs defying the norm and opening the door to new perspectives.,3,62,air india plane crash live 265 dead boeing dreamliner s black box recovered palki sharma n18g,12.09817,0.55311525
the show goes beyond the headlines to uncover the hidden stories making vantage a destination for thought provoking ideas.,2,62,air india plane crash live 265 dead boeing dreamliner s black box recovered palki sharma n18g,12.105969,1.6432774
vantage airs monday to friday at 9 pm ist on firstpost across all leading platforms. ?,3,62,air india plane crash live 265 dead boeing dreamliner s black box recovered palki sharma n18g,11.952379,0.7597281
air india plane crash live 265 dead boeing dreamliner s black box recovered palki sharma n18g,-1,62,air india plane crash live 265 dead boeing dreamliner s black box recovered palki sharma n18g,1.3819569,4.0248713
an air india boeing 787 8 dreamliner carrying 242 people crashed immediately after take off from ahmedabad airport this afternoon in one of the worst ever aviation tragedies in india.,20,63,ahmedabad plane crash news air india flight with 242 onboard crashes in ahmedabad no survivors,-0.4458031,6.326828
there were 232 passengers and 10 crew on the flight which was headed to london.ahmedabad plane crash news air india flight with 242 onboard crashes in ahmedabad no survivors,23,63,ahmedabad plane crash news air india flight with 242 onboard crashes in ahmedabad no survivors,0.4249005,7.101647
ahmedabad plane crash an air india flight crashed near the ahmedabad airport today with initial inputs suggesting around 252 passengers were onboard.,23,64,breaking live london bound air india flight crashes near ahmedabad,-0.17731954,7.268319
the incident is believed to have occurred when the flight was taking off for london.,4,64,breaking live london bound air india flight crashes near ahmedabad,0.9750619,9.03585
heavy smoke is visible from dharpur near the meghaninagar area.,11,64,breaking live london bound air india flight crashes near ahmedabad,-2.1805933,3.6766436
the fire brigade has rushed to the spot and emergency response teams are being mobilised.,1,64,breaking live london bound air india flight crashes near ahmedabad,-0.7648136,2.285416
authorities are yet to confirm the cause of the crash.,14,64,breaking live london bound air india flight crashes near ahmedabad,0.42876276,3.427959
an air india plane with 242 people onboard on thursday crashed in gujarat s meghani nagar area near ahmedabad airport.,22,64,breaking live london bound air india flight crashes near ahmedabad,-0.63261765,7.8258758
visuals of the plane crash site shared on social media shows thick willow of smoke emanating from the area.,11,64,breaking live london bound air india flight crashes near ahmedabad,-1.7860419,3.2383912
the aircraft departed from ahmedabad at 1 39 pm from runway 23.,-1,64,breaking live london bound air india flight crashes near ahmedabad,0.47571683,5.991736
it crashed in just five minutes after take off according to details shared by the directorate general of civil aviation dgca .,10,64,breaking live london bound air india flight crashes near ahmedabad,-1.2892339,4.725368
so farm 30 deaths have been confirmed while several others have been taken to the hospital for treatment according to cnn news18.,21,64,breaking live london bound air india flight crashes near ahmedabad,1.9410253,6.766294
n18oc indiabreaking live london bound air india flight crashes near ahmedabad,-1,64,breaking live london bound air india flight crashes near ahmedabad,-0.4922261,7.097079
operating out of hyderabad rtv network covers news from every corner of telugu states.,3,65,air india flight 171 pilots last message live black box mayday call ahmedabad plane crash rtv,12.30516,-0.16948563
we at rtv network favour high quality programming and news rather than sensational infotainment.air india flight 171 pilots last message live black box mayday call ahmedabad plane crash rtv,-1,65,air india flight 171 pilots last message live black box mayday call ahmedabad plane crash rtv,1.1855185,5.142517
a british national has survived the air india plane crash according to indian media.,16,66,british national survives air india plane crash,2.8786855,6.705605
speaking to the hindustan times newspaper vishwash kumar ramesh said he heard a loud noise about 30 seconds after take off before the plane went down.british national survives air india plane crash,25,66,british national survives air india plane crash,-0.32547626,5.5198293
an air india plane destined for the u.k. crashed at ahmedabad airport in india with hundreds of passengers on board.,22,67,air india crash boeing 787 flight crashes in ahmedabad,-0.5409565,7.654585
the cause of the crash was not immediately known.,14,67,air india crash boeing 787 flight crashes in ahmedabad,0.425596,3.4281354
the aircraft is a boeing 787 8 dreamliner.air india crash boeing 787 flight crashes in ahmedabad,20,67,air india crash boeing 787 flight crashes in ahmedabad,-0.21102189,6.1272497
a london bound air india flight with reportedly 242 passengers on board crashes in ahmedabad shortly after take off.london bound air india flight crashes in ahmedabad,-1,68,london bound air india flight crashes in ahmedabad,-0.35054016,7.230753
an air india flight from ahmedabad to london crashed minutes after takeoff with 53 british passport holders onboard.,22,69,experts discuss what may have caused the crash of air india plane in ahmedabad minutes after takeoff,-0.533511,7.618346
the boeing 787 dreamliner lost power at a height of 425 feet and began a rapid vertical descent giving pilots less than a minute to react.,-1,69,experts discuss what may have caused the crash of air india plane in ahmedabad minutes after takeoff,1.0825561,8.518552
the plane crashed into a medical hostel building.,19,69,experts discuss what may have caused the crash of air india plane in ahmedabad minutes after takeoff,-1.0312779,6.2745676
while casualties are unconfirmed a help desk has been set up at gatwick airport for relatives.,-1,69,experts discuss what may have caused the crash of air india plane in ahmedabad minutes after takeoff,2.4064882,6.6318703
multiple agencies including air india british aviation authorities and the uk foreign office are involved in the response.experts discuss what may have caused the crash of air india plane in ahmedabad minutes after takeoff,13,69,experts discuss what may have caused the crash of air india plane in ahmedabad minutes after takeoff,0.93819505,4.3773437
more than 200 people have died after an air india plane crashed in the western indian city of ahmedabad a police officer has told reuters.,23,70,air india flight to london gatwick crashes in ahmedabad,0.1303823,7.501175
video obtained by local media showed the aircraft fly over a residential area called meghani nagar before crashing creating what appeared to be a large explosion.,10,70,air india flight to london gatwick crashes in ahmedabad,-1.3084954,4.1460233
photographs of the aftermath showed billowing smoke rising over the area and firefighters on charred streets.,11,70,air india flight to london gatwick crashes in ahmedabad,-1.7558745,3.213232
in another image people were seen assessing the damage while part of the mangled plane could be seen sticking out of a building.,11,70,air india flight to london gatwick crashes in ahmedabad,-1.6378099,3.2041538
more than 100 bodies most of them badly charred had been brought to the local government hospital for autopsy authorities said.,-1,70,air india flight to london gatwick crashes in ahmedabad,0.7523109,7.353073
air india s chair natarajan chandrasekaran described the incident as a tragic accident .,-1,70,air india flight to london gatwick crashes in ahmedabad,-0.121482365,5.2695785
the 242 people onboard the flight to gatwick airport included 217 adults and 11 children.,5,70,air india flight to london gatwick crashes in ahmedabad,1.8259085,8.755195
of them 169 were indian nationals 53 were britons seven portuguese and one canadian air india said.,6,70,air india flight to london gatwick crashes in ahmedabad,1.488822,8.047875
this is the first crash ever of a boeing 787 aircraft according to the aviation safety network database.air india flight to london gatwick crashes in ahmedabad,20,70,air india flight to london gatwick crashes in ahmedabad,-0.29451072,6.0808086
breaking news just coming in that an air india boeing 787 8 has crashed taking off from ahmedabad airport in india.air india boeing 787 crashes climbing out of ahmedabad airport,20,71,air india boeing 787 crashes climbing out of ahmedabad airport,-0.29771906,5.9969273
ahmedabad plane crash an air india flight crashed near the ahmedabad airport on thursday with initial inputs suggesting around 130 passengers were onboard.,23,72,ahmedabad plane crash live london bound air india flight crashes near ahmedabad airport n18l,-0.42311454,7.2482953
the incident is believed to have occurred when the flight was taking off for london.,4,72,ahmedabad plane crash live london bound air india flight crashes near ahmedabad airport n18l,0.977791,9.036432
heavy smoke is visible from dharpur near the meghaninagar area.,-1,72,ahmedabad plane crash live london bound air india flight crashes near ahmedabad airport n18l,-2.2094584,3.6979043
the fire brigade has rushed to the spot and emergency response teams are being mobilised.,1,72,ahmedabad plane crash live london bound air india flight crashes near ahmedabad airport n18l,-0.7305024,2.3195605
authorities are yet to confirm the cause of the crash.,14,72,ahmedabad plane crash live london bound air india flight crashes near ahmedabad airport n18l,0.4553922,3.4289224
more details awaited.,-1,72,ahmedabad plane crash live london bound air india flight crashes near ahmedabad airport n18l,1.002262,3.3788
n18oc indiaahmedabad plane crash live london bound air india flight crashes near ahmedabad airport n18l,-1,72,ahmedabad plane crash live london bound air india flight crashes near ahmedabad airport n18l,0.14452542,5.742097
air india flight 171 crashed leaving 242 passengers and crew feared dead.,23,73,air india flight 171 crashed leaving 241 passengers and crew feared dead,0.5848717,7.5533676
the tragedy has devastated families across india and abroad.,21,73,air india flight 171 crashed leaving 241 passengers and crew feared dead,1.8536675,6.088907
among the victims were a family of five from banswara a newly wed bride cabin crew members from manipur and british citizens.,21,73,air india flight 171 crashed leaving 241 passengers and crew feared dead,1.8906924,6.5680747
captain sabarwal with 8200 hours of experience was unable to save the flight.,17,73,air india flight 171 crashed leaving 241 passengers and crew feared dead,1.3899848,6.7179832
the disaster has left a nation in mourning with personal stories and last moments shared on social media.air india flight 171 crashed leaving 241 passengers and crew feared dead,21,73,air india flight 171 crashed leaving 241 passengers and crew feared dead,1.2443489,5.9034023
ahmedabad plane crash air india plane crash in ahmedabad news9 plane crash ahmedabad air india london bound flight ..............................................................................................,26,74,ahmedabad plane crash air india plane crash in ahmedabad live,0.27698323,5.675655
news9 is india s first fully integrated english news brand across all digital platforms.,7,74,ahmedabad plane crash air india plane crash in ahmedabad live,12.6346245,-0.55351114
it includes a publishing platform viz.,7,74,ahmedabad plane crash air india plane crash in ahmedabad live,12.659518,-0.54288703
ahmedabad plane crash air india plane crash in ahmedabad live,26,74,ahmedabad plane crash air india plane crash in ahmedabad live,0.2978117,5.528692
17 year old aryan asari who was on the roof of a house near ahmedabad airport on the day of the plane crash.,24,75,air india plane crash ai171 crash video aryan asari ahmedabad,1.3388906,5.724796
the video aryan made of the crash of air india s boeing 787 dreamliner went viral.,25,75,air india plane crash ai171 crash video aryan asari ahmedabad,-0.48363596,5.4439244
after the accident initially it was revealed from this video what exactly happened to this plane about us dainik jagran is the flagship brand of the company.,10,75,air india plane crash ai171 crash video aryan asari ahmedabad,-0.98195547,4.462709
in today s dynamic media world where consumers have an unprecedented array of choices dainik jagran stands out as a brand that is the choice of millions of indians as they start their day.,8,75,air india plane crash ai171 crash video aryan asari ahmedabad,12.337928,-0.76370984
with a readership of 5.59 cr it has been the largest read daily of india for the last consecutive 21 rounds of the indian readership survey irs .,8,75,air india plane crash ai171 crash video aryan asari ahmedabad,12.288522,-1.2435725
with 37 editions dainik jagran covers 11 states of india.,8,75,air india plane crash ai171 crash video aryan asari ahmedabad,12.345989,-1.0199865
it has also been declared by the world association of newspapers wan as the largest read daily in the world.air india plane crash ai171 crash video aryan asari ahmedabad,8,75,air india plane crash ai171 crash video aryan asari ahmedabad,12.248885,-1.2605886
the plane which was en route to london gatwick carried 242 people on board.,5,76,watch moment air india plane crashed in ahmedabad subscribe to firstpost n18g,1.818647,8.775926
at least 265 people died in the tragic incident.watch moment air india plane crashed in ahmedabad subscribe to firstpost n18g,23,76,watch moment air india plane crashed in ahmedabad subscribe to firstpost n18g,0.23520905,7.0991836
one was a veteran preparing to hang up his boots the other a young co pilot just charting the early course of his aviation career.,17,77,how were pilot s last moments before air india ai 171 crash ahmedabad,1.4048059,6.62526
both the aviators captain sumeet sabharwal and first officer clive kunder met a cruel end on thursday as the boeing 787 8 dreamliner crashed.,20,77,how were pilot s last moments before air india ai 171 crash ahmedabad,-0.43443146,6.295195
more.how were pilot s last moments before air india ai 171 crash ahmedabad,18,77,how were pilot s last moments before air india ai 171 crash ahmedabad,0.9655588,6.253048
air india ai 171 crash explained 3d animation of real incident in ahmedabad on june 12 2025 air india flight ai 171 tragically crashed shortly after takeoff from ahmedabad airport striking a medical college hostel and resulting in massive loss of life.,26,78,air india ai 171 crash explained 3d animation of real incident in ahmedabad,0.05138054,5.273933
in this video we present a realistic 3d animation of the actual incident recreated based on news reports and eyewitness accounts.,9,78,air india ai 171 crash explained 3d animation of real incident in ahmedabad,-0.7095658,4.116589
the visuals are intended for educational and awareness purposes only. ??,2,78,air india ai 171 crash explained 3d animation of real incident in ahmedabad,11.601793,1.8616655
flight air india ai 171 ??,-1,78,air india ai 171 crash explained 3d animation of real incident in ahmedabad,0.25346544,6.518692
location ahmedabad india ??,26,78,air india ai 171 crash explained 3d animation of real incident in ahmedabad,0.18140042,5.457343
animation style 3d hyper realistic ??,9,78,air india ai 171 crash explained 3d animation of real incident in ahmedabad,-0.6822674,4.172032
based on real events ?? ??,9,78,air india ai 171 crash explained 3d animation of real incident in ahmedabad,-0.5820951,4.188066
stay informed stay safe.,0,78,air india ai 171 crash explained 3d animation of real incident in ahmedabad,8.79163,2.860027
disclaimer this video is a fictional 3d animation created based on publicly available news reports of the air india ai 171 crash.,-1,78,air india ai 171 crash explained 3d animation of real incident in ahmedabad,-0.083648376,4.754035
it is intended purely for educational documentary and awareness purposes.,2,78,air india ai 171 crash explained 3d animation of real incident in ahmedabad,11.586122,1.8777815
no real footage has been used.,9,78,air india ai 171 crash explained 3d animation of real incident in ahmedabad,-0.6740653,4.2068787
all visuals are ai generated and do not depict real persons or events directly.,9,78,air india ai 171 crash explained 3d animation of real incident in ahmedabad,-0.59593403,4.197602
viewer discretion is advised.,2,78,air india ai 171 crash explained 3d animation of real incident in ahmedabad,11.68844,1.868387
2025 allinonecontent .,18,78,air india ai 171 crash explained 3d animation of real incident in ahmedabad,1.0638585,5.7565475
do not re upload this video without permission.,0,78,air india ai 171 crash explained 3d animation of real incident in ahmedabad,8.924716,3.0795677
background music used under creative commons license from scott buckley kai engel.,0,78,air india ai 171 crash explained 3d animation of real incident in ahmedabad,8.947174,3.1197386
air india ai171 air india crash ahmedabad plane crash 3d plane crash animation real incident air india flight crash animation aviation disaster india medical hostel plane crash air india 787 crash ai171 animation emergency landing animation air crash documentary indian aviation tragedyair india ai 171 crash explained 3d animation of real incident in ahmedabad,-1,78,air india ai 171 crash explained 3d animation of real incident in ahmedabad,0.19483174,5.1552124
the family members of 22 year old nganthoi sharma kongbrailatpam from awang leikei of thoubal district in manipur were gathered on the red tiled floor consoling each other as they were informed of the crash.,21,79,ahmedabad plane crash air india cabin crew s grieving family speaks to ndtv,2.0019698,6.0446095
my child my child i raised with these hands where have you gone?,21,79,ahmedabad plane crash air india cabin crew s grieving family speaks to ndtv,1.9662712,6.0799046
i want to see you.,2,79,ahmedabad plane crash air india cabin crew s grieving family speaks to ndtv,11.662733,1.7413167
where are you a woman is heard saying in the video.ahmedabad plane crash air india cabin crew s grieving family speaks to ndtv,-1,79,ahmedabad plane crash air india cabin crew s grieving family speaks to ndtv,1.2937783,6.0424876
keep watching...ahmedabad plane crash one survivor found in air india flight public tv,24,80,ahmedabad plane crash one survivor found in air india flight public tv,1.3948742,5.569847
cctv footage captured the moment an air india passenger plane crashed shortly after takeoff in ahmedabad india on thursday.,25,81,cctv footage shows moment air india plane crashes in ahmedabad,-0.51694655,5.330014
more than 240 people were believed to be onboard the london gatwick bound aircraft.,5,81,cctv footage shows moment air india plane crashes in ahmedabad,1.8046026,8.724609
contribute to the guardian today ?,-1,81,cctv footage shows moment air india plane crashes in ahmedabad,11.661247,2.409251
cctv footage shows moment air india plane crashes in ahmedabad,25,81,cctv footage shows moment air india plane crashes in ahmedabad,-0.4481759,5.231543
ramesh vishwa kumar is the lone survivor of ahmedabad air india plane crash which claimed the lives of 241 onboard the plane.,16,82,the door broke... lone survivor describes surviving air india plane crash ahmedabad plane crash,2.8349628,6.471133
from his hospital bed in ahmedabad kumar recalled in chilling details how the events unfolded in the final moments of flight ai 171.,18,82,the door broke... lone survivor describes surviving air india plane crash ahmedabad plane crash,0.99092805,6.182213
prime minister narendra modi met the lone survivor on friday and asked him how the incident took place.,12,82,the door broke... lone survivor describes surviving air india plane crash ahmedabad plane crash,2.4020827,5.3084574
i myself couldn t believe that i survived the crash.,16,82,the door broke... lone survivor describes surviving air india plane crash ahmedabad plane crash,2.8501737,6.0246954
for a while i thought i ll die but when i opened my eyes i was alive then i tried to open my seat belt and tried to escape from there.,16,82,the door broke... lone survivor describes surviving air india plane crash ahmedabad plane crash,2.8389087,6.038899
want access to business standard s premium insights?,7,82,the door broke... lone survivor describes surviving air india plane crash ahmedabad plane crash,12.584463,-1.2447366
dive into real time news updates insights and much more.the door broke... lone survivor describes surviving air india plane crash ahmedabad plane crash,24,82,the door broke... lone survivor describes surviving air india plane crash ahmedabad plane crash,1.231186,5.4918385
an air india passenger plane bound for london with more than 240 people on board crashed and exploded after takeoff thursday in india s northwestern city of ahmedabad officials said.wreckage at crash site as air india flight crashes shortly after take off from ahmedabad airport,22,83,wreckage at crash site as air india flight crashes shortly after take off from ahmedabad airport,-0.60128003,7.7422185
an air india passenger plane carrying 242 people has crashed near ahmedabad s sardar vallabhbhai patel international airport shortly after takeoff.,22,84,ahmedabad plane crash kills over 260 people world mourns air india s major tragedy watch,-0.5115217,7.7800684
the aircraft a boeing 787 8 dreamliner operating as flight ai171 was en route to london s gatwick airport when the tragedy struck just five minutes after departure.,4,84,ahmedabad plane crash kills over 260 people world mourns air india s major tragedy watch,1.058182,8.923679
the crash took place in the meghani nagar area a densely populated residential zone leading to panic and chaos.,11,84,ahmedabad plane crash kills over 260 people world mourns air india s major tragedy watch,-1.4011871,3.7103565
visuals from the site show thick black smoke billowing from the wreckage.,11,84,ahmedabad plane crash kills over 260 people world mourns air india s major tragedy watch,-1.8083868,3.2965379
rescue operations are underway no one knows mumbai better than us.,1,84,ahmedabad plane crash kills over 260 people world mourns air india s major tragedy watch,-0.5890917,2.4689417
.ahmedabad plane crash kills over 260 people world mourns air india s major tragedy watch,-1,84,ahmedabad plane crash kills over 260 people world mourns air india s major tragedy watch,1.282095,5.7572913
an air india passenger plane bound for gatwick airport with more than 240 people on board has crashed shortly after takeoff from the north western indian city of ahmedabad.,22,85,footage shows aftermath at air india flight 171 crash site,-0.6077592,7.809771
according to reports in the indian media the plane crashed into a building comprising accommodation for doctors working in local hospitals.,19,85,footage shows aftermath at air india flight 171 crash site,-1.0428846,6.267875
footage shows buildings burning and debris scattered across the ground.,11,85,footage shows aftermath at air india flight 171 crash site,-1.6046084,3.2842638
what we know so far about the air india flight 171 crash ?,13,85,footage shows aftermath at air india flight 171 crash site,0.7794985,4.023316
contribute to the guardian today ?,-1,85,footage shows aftermath at air india flight 171 crash site,11.689374,2.39206
footage shows aftermath at air india flight 171 crash site,25,85,footage shows aftermath at air india flight 171 crash site,-0.37967914,5.0600142
the boeing plane operated by air india crashed into a residential area in the city of ahmedabad.,22,86,video captures moment air india flight crashes,-1.0018202,7.6403723
police say they have recovered more than 200 bodies from the crash site.video captures moment air india flight crashes,-1,86,video captures moment air india flight crashes,0.6741621,7.370814
a london bound air india boeing 787 dreamliner carrying 230 passengers and 12 crew members crashed into a medical college hostel minutes after taking off from the ahmedabad airport this afternoon.,19,87,ahmedabad plane crash one survivor found air india plane crash,-0.7430894,6.28475
visuals captured on mobile camera showed the aircraft losing altitude rapidly and crashing in a ball of fire.,10,87,ahmedabad plane crash one survivor found air india plane crash,-1.3562756,4.152229
there were 169 indians 53 british one canadian and seven portuguese nationals onboard the air india flight ai 171 from ahmedabad to london gatwick.,6,87,ahmedabad plane crash one survivor found air india plane crash,1.3904376,8.10325
ahmedabad plane crash 242 passengers all declared dead air india plane crash ..............................................................................................,-1,87,ahmedabad plane crash one survivor found air india plane crash,0.46611416,6.687332
news9 is india s first fully integrated english news brand across all digital platforms.,7,87,ahmedabad plane crash one survivor found air india plane crash,12.61445,-0.53952
it includes a publishing platform viz.,7,87,ahmedabad plane crash one survivor found air india plane crash,12.660235,-0.5630181
ahmedabad plane crash one survivor found air india plane crash,-1,87,ahmedabad plane crash one survivor found air india plane crash,1.4446852,5.704709
ahmedabad plane crash an air india flight bound for london crashed near ahmedabad s meghani area on thursday afternoon minutes after take off.,22,88,moment when air india dreamliner crashed ahmedabad plane crash exact moment plane crashed,-0.65677595,7.3434253
the boeing dreamliner carrying over 195 passengers and crew took off at 1 47 pm and went down just nine minutes later.,5,88,moment when air india dreamliner crashed ahmedabad plane crash exact moment plane crashed,1.4969825,8.658817
videos showed smoke rising near the airport.,11,88,moment when air india dreamliner crashed ahmedabad plane crash exact moment plane crashed,-1.8775687,3.215776
air india confirmed the incident and said details are still being verified.,-1,88,moment when air india dreamliner crashed ahmedabad plane crash exact moment plane crashed,0.6201372,4.4706254
the indian express covers a wide spectrum of national and international news including daily updates political developments election coverage gadget and mobile reviews technology updates entertainment news bollywood trends sports news and public opinions on daily topics.,8,88,moment when air india dreamliner crashed ahmedabad plane crash exact moment plane crashed,12.283767,-1.4231905
the indian express s comprehensive coverage extends to global events providing insightful analysis on international affairs.,8,88,moment when air india dreamliner crashed ahmedabad plane crash exact moment plane crashed,12.348926,-1.4662483
with a focus on both indian and global perspectives the indian express delivers top notch editorial analysis and in depth reporting.,8,88,moment when air india dreamliner crashed ahmedabad plane crash exact moment plane crashed,12.331678,-1.4486657
stay informed with the latest news trends explained and expert views from india and around the world.moment when air india dreamliner crashed ahmedabad plane crash exact moment plane crashed,26,88,moment when air india dreamliner crashed ahmedabad plane crash exact moment plane crashed,0.6335183,5.380562
an air india plane bound for london with more than 240 people on board has crashed in india s western city of ahmedabad.,22,89,no known survivors in air india flight 171 crash city police commissioner,-0.6037908,7.7964296
officials say there are no known survivors.,-1,89,no known survivors in air india flight 171 crash city police commissioner,1.812693,6.9896846
the boeing 787 8 dreamliner went down shortly after taking off from ahmedabad s airport.,20,89,no known survivors in air india flight 171 crash city police commissioner,-0.52683485,6.2237186
local media are reporting the aircraft crashed on a medical college hostel.,19,89,no known survivors in air india flight 171 crash city police commissioner,-1.0452645,6.291406
the number of victims on the ground is unclear.,21,89,no known survivors in air india flight 171 crash city police commissioner,2.0276675,6.6832824
emergency crews are at the scene in ahmedabad.,1,89,no known survivors in air india flight 171 crash city police commissioner,-0.5649599,2.5432146
the aircraft reportedly gave a mayday call signalling an emergency shortly after take off.,-1,89,no known survivors in air india flight 171 crash city police commissioner,0.7083405,6.0627546
terry tozer an aviation expert in the uk says while it is too soon to say what caused the crash the glaring question in this instance revolves around the position of the flaps on the air india flight.no known survivors in air india flight 171 crash city police commissioner,13,89,no known survivors in air india flight 171 crash city police commissioner,0.79009706,3.967551
an air india flight ai 171 travelling from ahmedabad to london crashed near the meghaninagar area close to ahmedabad airport on the afternoon of 12 may 2025.,-1,90,air india flight crashes near ahmedabad airport,-0.42579055,6.986906
according to officials the aircraft caught fire shortly after the crash.,10,90,air india flight crashes near ahmedabad airport,-1.2466946,4.221787
firefighters were dispatched to the scene to extinguish the flames.,1,90,air india flight crashes near ahmedabad airport,-0.81717765,2.2625945
thank you for watching our video!,0,90,air india flight crashes near ahmedabad airport,8.920558,3.0757582
we promise to deliver quality journalism that stays away from vested interest and political propaganda.air india flight crashes near ahmedabad airport,-1,90,air india flight crashes near ahmedabad airport,1.1998878,5.1368237
the incident is believed to have occurred when the flight was taking off for london at 1.17 pm.,4,91,ahmedabad plane crash live updates air india flight going to london crashes plane crash n18l,0.9589085,9.05732
heavy smoke is visible from dharpur near the meghaninagar area.,11,91,ahmedabad plane crash live updates air india flight going to london crashes plane crash n18l,-2.1930487,3.6800287
the fire brigade has rushed to the spot and emergency response teams are being mobilised.,1,91,ahmedabad plane crash live updates air india flight going to london crashes plane crash n18l,-0.79132384,2.259015
authorities are yet to confirm the cause of the crash.,14,91,ahmedabad plane crash live updates air india flight going to london crashes plane crash n18l,0.4439292,3.4330747
more details awaited.ahmedabad plane crash live updates air india flight going to london crashes plane crash n18l,26,91,ahmedabad plane crash live updates air india flight going to london crashes plane crash n18l,0.56286937,5.288252
ahmedabad to london gatwick airport had crashed into a residential area meghani nagar take off at 1 38 p.m. crashed 5 minutes after take off with pilot in command sumit sabharwal co pilot clive kunder.,-1,92,plane crash in ahmedabad live air india flight to london crashes moments after take off in ahmedabad,-0.8761827,7.3588185
moneycontrol is india s leading financial portal offering market news expert analysis and powerful tools.,-1,92,plane crash in ahmedabad live air india flight to london crashes moments after take off in ahmedabad,12.383234,-0.7472883
a part of network18 moneycontrol.com is india s most trusted destination for financial and business news.plane crash in ahmedabad live air india flight to london crashes moments after take off in ahmedabad,26,92,plane crash in ahmedabad live air india flight to london crashes moments after take off in ahmedabad,0.6563738,5.260791
ahmedabad air india tragedy boeing 787 plane with 242 onboard crashes into hostel spotlight n18g ahmedabad air india boeing 787 crash india is grappling with the aftermath of the tragic passenger plane crash in ahmedabad that claimed 268 lives leaving just one british national as the lone survivor.,-1,93,ahmedabad pm modi visits air india boeing 787 plane crash site meets survivor spotlight n18g,0.0033119784,6.397387
prime minister narendra modi visited the crash site and ahmedabad civil hospital where he met the injured and the sole survivor.,12,93,ahmedabad pm modi visits air india boeing 787 plane crash site meets survivor spotlight n18g,2.3135197,5.166851
he also offered condolences to the family of former gujarat chief minister vijay rupani who was among the deceased.,-1,93,ahmedabad pm modi visits air india boeing 787 plane crash site meets survivor spotlight n18g,1.9313128,6.0063515
external affairs minister dr. s jaishankar confirmed communication with his counterparts in britain canada and portugal as citizens from these countries were on board.,6,93,ahmedabad pm modi visits air india boeing 787 plane crash site meets survivor spotlight n18g,1.5457051,7.983127
the directorate general of civil aviation dgca mandated a full health check of air india s fleet.,-1,93,ahmedabad pm modi visits air india boeing 787 plane crash site meets survivor spotlight n18g,0.49241304,4.852437
air india ceo campbell wilson and boeing have pledged full cooperation in the investigation.ahmedabad pm modi visits air india boeing 787 plane crash site meets survivor spotlight n18g,13,93,ahmedabad pm modi visits air india boeing 787 plane crash site meets survivor spotlight n18g,0.98598796,4.4190664
