,category
Nation,18917
World,9868
Technology,9736
Corporate News,8618
Metro News,8431
Football,7032
Entertainment,3298
Economy,2927
Markets,2452
Sabah & Sarawak,2430
Badminton,1921
Other Sports,1754
AseanPlus News,1689
AI,1575
Tennis,1373
Singapore,1215
Education,1129
Cricket,1070
Living,1051
Thailand,1036
Internet,916
China,896
Social media,861
Forex,850
Commodities,795
Indonesia,788
Motorsport,774
Banking,763
Rugby,732
Philippines,712
Arts,699
Family,618
Golf,611
Vietnam,592
Business,584
Insight,556
Cambodia,529
South Korea,504
Cycling,491
Video games,489
Wellness,470
Smartphones,456
Athletics,453
Japan,451
Food News,449
Energy,411
Myanmar,405
India,401
Laos,381
Fashion,378
Mobile apps,375
Brunei,373
Cybersecurity,349
Style,311
Squash,308
Property,281
Hockey,262
Animals,251
Aviation,240
Asia & Oceania,237
Eating Out,222
STARPICKS,218
Books,205
Auto,204
Travel,196
Swimming,193
Gadgets,182
Bowling,145
Driverless vehicle,144
Community Sports,142
Analyst Reports,140
Boxing,140
Robotics,139
Malaysia,137
Europe,135
Investment,117
Global,115
Stock on the Move,113
Support Line,110
People,109
Nutrition,105
Children,100
Bangladesh,96
Telcos,91
Design,89
Star Biz7,82
Diving,80
Mind,79
Eat And Drink,78
Basketball,78
Citycism,77
Pakistan,77
A Winning Factor,74
Streaming,70
Drones,69
Retail,64
Wearables,62
Beauty,62
Gymnastics,60
North Korea,59
Climate,54
TECH,54
Americas,51
Cryptocurrency,48
Shooting,47
Logistics,46
The Doctor Says,44
Pinang Points,43
TV Review,40
Sri Lanka,39
Views,38
Fitness,36
Gig economy,36
iOS,35
Construction,34
Console,34
Insurance,33
Positive Parenting,32
Seniors,32
Operating systems,32
Culture,30
Science,29
Curious Cook,29
Two Fit,29
e-Hailing,28
Tell Me About,28
Archery,27
Plantations,27
Music,26
Life Inspired,25
Movie Review,23
Africa,22
eWallet,22
Focus,21
On The Line,21
Smartwatch,20
5G,20
VR,18
e-Commerce,18
Camera,18
Taxation,18
Southern Reflections,17
Sunny Side Up,17
Food for thought,15
SME,15
Hormones and Kids,14
Facial Recognition,14
Matters of the Mind,14
Women\'s World,13
At Full Swing,13
Starpicks,13
Tablets,12
Wrestling,12
eSports,12
Lifestyle,12
Letters,11
"Big Smile, No Teeth",11
Android,11
Startups,10
Health Matters,10
Smart home,10
True Or Not,10
Sports Box,10
Tipsy Turvy,9
Fintech,8
Know Your Medicines,7
Health,7
Consumer,6
Data breach,6
TV,6
Movies,6
eScooters,5
Comment,5
Environment,5
Esg,5
News,5
Music Review,5
Advertising & Media,4
Metro,4
Viewpoints,4
Say What,3
Northern Region,3
Opinion,3
MCMC,2
Analysis,2
On Your Side,2
Making Progress,2
#Abidinideas,2
Bangkok Buzz,2
The Star Says,2
Instagram,1
Starplus,1
CyberSecurity Malaysia,1
TikTok,1
Personal Finance,1
Google,1
Sports Guru,1
Food,1
Central Region,1
Tech thoughts,1
Vivo,1
Windows,1
It\'s Just Politics,1
